,"Graphics Card Database
Maintained by Nathan Mayer Since 2005",,,,,,,,,,,,,,,,,,,,
,,,,,,,,,,,,,,,,,,,,,
,GPU Clockspeed*,Memory Clockspeed,Core Configuration*,GPU,Memory Size (MB),Buswidth (bits),Max Pixel Fillrate (MP/s),Max Texel Fillrate (MT/s),Max Shader Performance (MFLOPS),Max Bandwidth (MB/s),Vertex Proc.,"Max Vertices
(in millions)",DirectX Gen,Memory Type*,Process Size,Transistors,Bus Slot,Ext. Power,Price at Launch (MSRP),"Year of
Release",Notes
GeForce 256,120,166,4 PP/TMU/ROP,NV10,32,128,480,480,n/a,2656,0.5,15,DX7,SDR,220nm,23m,"AGP4X,PCI",no,Enthusiast,1999,"First to support DX7, and to be dubbed a ""GPU""."
GeForce DDR,120,300(150),4 PP/TMU/ROP,NV10,32-64,128,480,480,n/a,4800,0.5,15,DX7,"SGRAM,DDR(TSOP)",220nm,23m,AGP4X,no,Enthusiast,1999,First to use DDR memory.
GeForce2 MX,175,"166, 333(166)",2 PP; 4 TMU; 2 ROP,NV11,32-64,64-128,350,700,n/a,2664,0.5,21.9,DX7,SDR,180nm,20m,AGP4X,no,Mainstream,2000,
GeForce2 MX200,175,166,2 PP; 4 TMU; 2 ROP,NV11,32-64,64,350,700,n/a,1328,0.5,21.9,DX7,SDR,180nm,20m,"AGP4X,PCI",no,Lower Mainstream,2000,
GeForce2 MX400,200,"200, 400(200)",2 PP; 4 TMU; 2 ROP,NV11,32-64,64-128,400,800,n/a,6400,0.5,25,DX7,"SDR,DDR(TSOP)",180nm,20m,"AGP4X,PCI",no,Upper Mainstream,2000,
GeForce2 GTS,200,333(166),4 PP; 8 TMU; 4 ROP,NV15,32-64,128,800,1600,n/a,5400,0.5,25,DX7,DDR(TSOP),180nm,25m,AGP4X,no,Enthusiast,2000,
GeForce2 Pro,200,"366(183), 400(200)",4 PP; 8 TMU; 4 ROP,NV15,32-64,128,800,1600,n/a,6400,0.5,25,DX7,DDR(TSOP),180nm,25m,AGP4X,no,Enthusiast,2000,
GeForce2 Ti,250,400(200),4 PP; 8 TMU; 4 ROP,NV15,32-64,128,1000,2000,n/a,6400,0.5,31.3,DX7,DDR(TSOP),180/150nm,25m,AGP4X,no,Highend,2001,Recieved a die shrink to 150nm but the name of the revised core is unknown at this time.
GeForce2 Ultra,250,460(230),4 PP; 8 TMU; 4 ROP,NV15,32-64,128,1000,2000,n/a,7360,0.5,31.3,DX7,DDR(TSOP),180/150nm,25m,AGP4X,no,Enthusiast,2000,
GeForce3,200,460(230),4 PP; 8 TMU; 4 ROP,NV20,64,128,800,1600,?,7360,1,50,DX8,DDR(TSOP),150nm,57m,AGP4X,no,Enthusiast,2001,"First to support DX8, and programmable shader units."
GeForce3 Ti200,175,400(200),4 PP; 8 TMU; 4 ROP,NV20,64-128,128,700,1400,?,6400,1,43.8,DX8,DDR(TSOP),150nm,57m,AGP4X,no,Highend,2001,
GeForce3 TI500,240,500(250),4 PP; 8 TMU; 4 ROP,NV20,64-128,128,960,1920,?,8000,1,60,DX8,DDR(TSOP/BGA),150nm,57m,AGP4X,no,Enthusiast,2001,
GeForce4 MX420,250,"166, 333(166)",2 PP; 4 TMU; 2 ROP,NV17,64-128,64-128,500,1000,n/a,5400,0.5,31.3,DX7,"SDR,DDR(TSOP)",150nm,29m,"AGP4X,PCI",no,Lower Mainstream,2002,
GeForce4 MX440,275,"333(166), 400(200)",2 PP; 4 TMU; 2 ROP,"NV17,NV18",64-128,32-64-128,550,1100,n/a,6400,0.5,34.4,DX7,DDR(TSOP),150nm,29m,"AGP4X,8X",no,Mainstream,2002,
GeForce4 MX440SE,250,333(166),2 PP; 4 TMU; 2 ROP,NV17,64-128,64-128,500,1000,n/a,5400,0.5,31.3,DX7,DDR(TSOP),150nm,29m,AGP4X,no,Mainstream,2002,
GeForce4 MX460,300,550(275),2 PP; 4 TMU; 2 ROP,NV17,64-128,64-128,600,1200,n/a,8800,0.5,37.5,DX7,DDR(TSOP/BGA),150nm,29m,AGP4X,no,Upper Mainstream,2002,
GeForce4 MX4000,275,"333(166), 400(200), 500(250)",2 PP; 4 TMU; 2 ROP,NV18,64-128,32-64-128,550,1100,n/a,8000,0.5,34.4,DX7,DDR(TSOP),150nm,29m,"AGP4X,PCI",no,Budget,2003,
GeForce4 Ti4200,250,"444(222), 512(256)",4 PP; 8 TMU; 4 ROP,"NV25,NV28",64-128,128,1000,2000,?,8192,2,125,DX8,DDR(TSOP/BGA),150nm,63m,"AGP4X,8X",no,Highend,2002,"NV28 variation supports 8x AGP, up from 4x support of the NV25."
GeForce4 Ti4400,275,550(275),4 PP; 8 TMU; 4 ROP,NV25,128,128,1100,2200,?,8800,2,137.5,DX8,DDR(BGA),150nm,63m,AGP4X,no,Highend,2002,
GeForce4 Ti4600,300,650(325),4 PP; 8 TMU; 4 ROP,NV25,128,128,1200,2400,?,10400,2,150,DX8,DDR(BGA),150nm,63m,AGP4X,no,Enthusiast,2002,
GeForce4 Ti4800,300,650(325),4 PP; 8 TMU; 4 ROP,NV28,128,128,1200,2400,?,10400,2,150,DX8,DDR(BGA),150nm,63m,AGP8X,no,Enthusiast,2002,"NV28 variation supports 8x AGP, up from 4x support of the NV25."
GeForce4 Ti4800SE,275,550(275),4 PP; 8 TMU; 4 ROP,NV28,128,128,1100,2200,?,8800,2,137.5,DX8,DDR(TSOP/BGA),150nm,63m,AGP8X,no,Highend,2002,"NV28 variation supports 8x AGP, up from 4x support of the NV25."
GeForce FX 5200,250,"333(166), 400(200)",4 PP/TMU/ROP,NV34,128-256,64-128,1000,1000,8000,6400,1,62.5,DX9,DDR(TSOP),150nm,45m,"AGP8X,PCI",no,Lower Mainstream,2003,
GeForce FX 5200LE,250,266(133),4 PP/TMU/ROP,NV34,128-256,64-128,1000,1000,8000,4256,1,62.5,DX9,DDR(TSOP),150nm,45m,"AGP8X,PCI",no,Lower Mainstream,2003,
GeForce FX 5200SE/XT,250,333(166),4 PP/TMU/ROP,NV34,128-256,64,1000,1000,8000,2700,1,62.5,DX9,DDR(TSOP),150nm,45m,"AGP8X,PCI",no,Lower Mainstream,2003,
GeForce FX 5200 Ultra,325,650(325),4 PP/TMU/ROP,NV34,128,128,1300,1300,10400,10400,1,81.3,DX9,DDR(BGA),150nm,45m,AGP8X,4pin,Mainstream,2003,
GeForce FX 5500,270,400(200),4 PP/TMU/ROP,NV34,128-256,64-128,1080,1080,8640,6400,1,67.5,DX9,DDR(TSOP),150nm,45m,"AGP8X,PCI",no,Mainstream,2004,
GeForce FX 5500LE,270,400(200),4 PP/TMU/ROP,NV34,128-256,64,1080,1080,8640,3200,1,67.5,DX9,DDR(TSOP),150nm,45m,"AGP8X,PCI",no,Mainstream,2004,
GeForce FX 5600,325,550(275),4 PP/TMU/ROP,NV31,128,128,1300,1300,10400,8800,1,81.3,DX9,DDR(TSOP),130nm,80m,AGP8X,no,Mainstream,2003,
GeForce FX 5600SE/XT,"235, 250, 275",400(200),4 PP/TMU/ROP,NV31,128,64-128,1100,1100,8800,6400,1,68.8,DX9,DDR(TSOP),130nm,80m,AGP8X,no,Lower Mainstream,2003,
GeForce FX 5600 Ultra,400,"650(325), 800(400)",4 PP/TMU/ROP,NV31,128,128,1600,1600,12800,12800,1,100,DX9,DDR(BGA),130nm,80m,AGP8X,4pin,Upper Mainstream,2003,
GeForce FX 5700(VE),425,500(250)-550(275),4 PP/TMU/ROP,NV36,128-256,64-128,1700,1700,13600,8800,3,318.8,DX9,DDR(TSOP),150nm,82m,AGP8X,no,Mainstream,2003,
GeForce FX 5700LE,250,400(200),4 PP/TMU/ROP,NV36,128-256,64-128,1000,1000,8000,6400,3,187.5,DX9,DDR(TSOP),150nm,82m,AGP8X,no,Lower Mainstream,2003,
GeForce FX 5700 Ultra,475,"900(450), 950(475), 1000(500)",4 PP/TMU/ROP,NV36,128-256,128,1900,1900,15200,16000,3,356.3,DX9,"DDR(BGA),GDDR2,GDDR3",150nm,82m,AGP8X,4pin,Upper Mainstream,2003,1000MHz memory models were the first cards to use GDDR3 memory.
GeForce FX 5800,400,800(400),4 PP; 8 TMU; 4 ROP,NV30,128,128,1600,3200,12800,12800,2,200,DX9,GDDR2,130nm,125m,AGP8X,yes,Highend,2003,
GeForce FX 5800 Ultra,500,1000(500),4 PP; 8 TMU; 4 ROP,NV30,128,128,2000,4000,16000,16000,2,250,DX9,GDDR2,130nm,125m,AGP8X,4pin,Enthusiast,2003,
GeForce FX 5900,400,850(425),4 PP; 8 TMU; 4 ROP,NV35,128-256,256,1600,3200,12800,27200,3,300,DX9,DDR(BGA),130nm,135m,AGP8X,4pin,Highend,2003,
GeForce FX 5900SE/XT,"390, 400",700(350),4 PP; 8 TMU; 4 ROP,NV35,128,256,1600,3200,12800,22400,3,300,DX9,DDR(BGA),130nm,135m,AGP8X,4pin,Upper Mainstream,2003,
GeForce FX 5900 Ultra,450,850(425),4 PP; 8 TMU; 4 ROP,NV35,256,256,1800,3600,14400,27200,3,337.5,DX9,DDR(BGA),130nm,135m,AGP8X,4pin,Enthusiast,2003,
GeForce FX 5950 Ultra,475,950(475),4 PP; 8 TMU; 4 ROP,NV38,256,256,1900,3800,15200,30400,3,356.3,DX9,DDR(BGA),130nm,135m,AGP8X,4pin,Enthusiast,2003,
GeForce PCX 4300,250,333(167),2 PP; 4 TMU; 2 ROP,NV18,128MB,64,500,1000,n/a,2664,0.5,31.3,DX7,DDR(TSOP),150nm,29m,PCIe16X,no,Budget,2004,Was never available in retail (OEM?).
GeForce PCX 5300,250,400(200),4 PP/TMU/ROP,NV34,128-256,128,1000,1000,8000,6400,1,125,DX9,DDR(TSOP),150nm,45m,PCIe16X,no,Lower Mainstream,2004,
GeForce PCX 5750,425,"500(250), 550(275)",4 PP/TMU/ROP,NV36,128-256,128,1700,1700,13600,8800,3,318.8,DX9,DDR(TSOP),150nm,82m,PCIe16X,no,Mainstream,2004,
GeForce PCX 5900,350,550(275),4 PP; 8 TMU; 4 ROP,NV35,128,256,1400,2800,11200,17600,3,262.5,DX9,DDR(BGA),130nm,135m,PCIe16X,no,Upper Mainstream,2004,
GeForce PCX 5950,475,950(475),4 PP; 8 TMU; 4 ROP,NV35,128,256,1900,3800,15200,30400,3,356.3,DX9,DDR(BGA),130nm,135m,PCIe16X,no,Highend,2004,Was never available in retail (OEM?).
GeForce 6200,300,550(275),4 PP/TMU/ROP,NV43-V,128-256,64-128,1200,1200,14400,8800,3,225,DX9c,DDR(TSOP),110nm,146m,"PCIe16X,AGP8X",either,Lower Mainstream,2004,"AGP version uses BR02 bridge chip, and sometimes requires external power."
-GeForce 6200,350,500(250),4 PP/TMU; 2 ROP,NV44A,128-256,64,700,1400,16800,4000,3,262.5,DX9c,DDR(TSOP),110nm,77m,"AGP8X,PCI",no,Lower Mainstream,2004,Native AGP version of the 6200.
GeForce 6200 TurboCache,350,"550(275), 700(350)",4 PP/TMU; 2 ROP,NV44,16-32-64-128,32-64,700,1400,16800,5600,3,262.5,DX9c,DDR(TSOP/BGA),110nm,77m,PCIe16X,no,Lower Mainstream,2004,Turbo Cache: Memory is drawn through PCIe bus from system memory.
GeForce 6200SE/LE,350,533(266),2 PP/TMU; 2 ROP,"NV44,NV44A",128-256,64,700,700,8400,4264,2,175,DX9c,"DDR(TSOP/BGA),DDR2",110nm,77m,"PCIe16,AGP8X",no,Lower Mainstream,2004,
GeForce 6500,400,700(350),4 PP/TMU/ROP,NV43,64-128,64-128,1600,1600,19200,9600,3,300,DX9c,"DDR(BGA),DDR2",110nm,146m,PCIe16X,no,Lower Mainstream,2005,"The 6500 is compatible with TurboCache, though it isn't required."
GeForce 6600,"350, 400","500(250), 550(275), 800(400)",8 PP/TMU; 4 ROP,NV43,128-256,64-128,1600,3200,28800,12800,3,300,DX9c,"DDR(TSOP),DDR2",110nm,146m,"PCIe16X,AGP8X",no,Mainstream,2004,"AGP version uses BR02 bridge chip, and sometimes requires external power."
GeForce 6600LE,300,500(250),4 PP/TMU/ROP,NV43-V,128-256,64-128,1200,1200,14400,8000,3,318.8,DX9c,DDR(TSOP),110nm,146m,PCIe16X,no,Mainstream,2004,
GeForce 6600GT,500,"900(450), 1000(500)",8 PP/TMU; 4 ROP,NV43,128,128,2000,4000,48000,16000,3,375.8,DX9c,GDDR3,110nm,146m,"PCIe16X,AGP8X",either,Upper Mainstream,2004,"AGP version uses BR02 bridge chip, and requires external power."
GeForce 6700XL,525,1100(550),8 PP/TMU; 4 ROP,NV43,128,128,2100,4200,50400,17600,3,393.8,DX9c,GDDR3,110nm,146m,PCIe16X,6pin,OEM,,
GeForce 6800,325,700(350),12 PP/TMU/ROP,NV40,128,256,3900,3900,46800,22400,5,406.3,DX9c,DDR(BGA),130nm,222m,AGP8X,4pin,Upper Mainstream,2004,
-GeForce 6800,325,600(300),12 PP/TMU; 8 ROP,"NV41,NV42",128-256,256,2600,3900,46800,19200,5,406.3,DX9c,DDR(BGA),"130,110nm","190,202m",PCIe16X,no,Upper Mainstream,2004,Native PCIe version of the 6800. Only 12 pipes on die.
GeForce 6800LE,"300, 325",700(350),8 PP/TMU/ROP,NV40,128,256,2600,2600,31200,22400,4,325,DX9c,DDR(BGA),130nm,222m,AGP8X,4pin,Upper Mainstream,2004,
-GeForce 6800LE,325,600(300),8 PP/TMU/ROP,"NV41,NV42",128-256,256,2600,2600,31200,19200,4,325,DX9c,DDR(BGA),"130,110nm","190,202m",PCIe16X,no,Upper Mainstream,2004,Native PCIe version of the 6800LE.
GeForce 6800XT,325,600(300),8 PP/TMU/ROP,"NV40,NV41,NV42",256,256,2600,2600,31200,19200,4,325,DX9c,DDR(BGA),110nm,202m,"PCIe16X,AGP8X",no,Upper Mainstream,2005,
GeForce 6800GS,425,1000(500),12 PP/TMU; 8 ROP,NV42,256,256,3400,5100,61200,32000,5,531.3,DX9c,GDDR3,110nm,202m,PCIe16X,6pin,Upper Mainstream,2005,
-GeForce 6800GS,350,1000(500),12 PP/TMU/ROP,NV40,256,256,4200,4200,50400,32000,5,531.3,DX9c,GDDR3,130nm,222m,AGP8X,4pin,Upper Mainstream,2005,
GeForce 6800GT,350,1000(500),16 PP/TMU/ROP,"NV40,NV45",128-256-512,256,5600,5600,67200,32000,6,525,DX9c,GDDR3,130nm,222m,"PCIe16X,AGP8X",4pin/6pin,Highend,2004,
GeForce 6800GTO,350,900(450),12 PP/TMU/ROP,NV45,256,256,4200,4200,50400,28800,5,437.5,DX9c,GDDR3,130nm,222m,PCIe16X,6pin,OEM,2004,
GeForce 6800 Ultra,"400, 425","1050(525), 1100(550)",16 PP/TMU/ROP,"NV40,NV45",256-512,256,6800,6800,81600,35200,6,600,DX9c,GDDR3,130nm,222m,"PCIe16X,AGP8X",4pin(x2)/6pin,Enthusiast,2004,
GeForce 6800 Ultra Extreme Ed.,450,1200(600),16 PP/TMU/ROP,"NV40,NV45",256,256,7200,7200,86400,38400,6,675,DX9c,GDDR3,130nm,222m,"PCIe16X,AGP8X",4pin(x2)/6pin,Enthusiast,2004,Was never available in retail. Special promotion through NVIDIA.
GeForce 7100GS,350,666(333),4 PP/TMU; 2 ROP,NV44,128,64,700,1400,16800,5328,3,262.5,DX9c,DDR(TSOP),110nm,77m,PCIe16X,no,Budget,2006,Supports TurboCache.
GeForce 7200GS,450,800(400),4 PP/TMU; 2 ROP,G78,128-256,64,900,1800,28800,6400,2,225,DX9c,DDR2,65nm,,PCIe16X,no,Budget,2006,Supports TurboCache.
GeForce 7300LE,450,"533(266), 650(325)",4 PP/TMU; 2 ROP,G72,128-256,64,900,1800,28800,5200,3,337.5,DX9c,DDR(TSOP),90nm,112m,PCIe16X,no,Budget,2006,Supports TurboCache.
GeForce 7300GS,550,"700(350), 800(400)",4 PP/TMU; 2 ROP,G72,128-256,64,1100,2200,35200,6400,3,412.5,DX9c,"DDR(BGA),DDR2",90nm,112m,PCIe16X,no,Upper Budget,2006,Supports TurboCache.
GeForce 7300GT,350,700(350),8 PP/TMU/ROP,"G73,G73-B1",128-256,64-128,2800,2800,44800,11200,3,262.5,DX9c,DDR2,"90,80nm",~178m,PCIe16X,no,Lower Mainstream,2006,
GeForce 7600GS,400,800(400),12 PP/TMU; 8 ROP,"G73,G73-B1",128-256,128,3200,4800,76800,12800,5,500,DX9c,DDR2,"90,80nm",~178m,"PCIe16X,AGP8X",either,Mainstream,2006,"AGP version uses BR2 bridge chip, and requires external power."
GeForce 7600GT,560,1400(700),12 PP/TMU; 8 ROP,G73,256,128,4480,6720,107520,22400,5,700,DX9c,GDDR3,90nm,178m,PCIe16X,no,Upper Mainstream,2006,"AGP version uses BR2 bridge chip, and requires external power."
-GeForce 7600GT,"560, 650","1400(700), 1600(800)",12 PP/TMU; 8 ROP,G73-B1,256,128,5200,7800,124800,25600,5,812.5,DX9c,GDDR3,80nm,~178m,PCIe16X,no,Upper Mainstream,2006,Stealth revision 7600GT with 80nm die shrink and potentially higher core clock.
GeForce 7800GS,375 (+40V),1200(600),16 PP/TMU; 8 ROP,G70,256,256,3000,6000,96000,38400,6,622.5,DX9c,GDDR3,110nm,302m,"PCIe16X,AGP8X",4pin/6pin,Upper Mainstream,2006,AGP version uses BR02 bridge chip. PCIe version never available in retail.
GeForce 7800GT,400 (+40V),1000(500),20 PP/TMU; 16 ROP,G70,256,256,6400,8000,128000,32000,7,770,DX9c,GDDR3,110nm,302m,PCIe16X,6pin,Highend,2005,
GeForce 7800GTX,430 (+40V),1200(600),24 PP/TMU; 16 ROP,G70,256,256,6880,10320,165120,38400,8,940,DX9c,GDDR3,110nm,302m,PCIe16X,6pin,Enthusiast,2005,
-GeForce 7800GTX (512MB),550,1700(850),24 PP/TMU; 16 ROP,G70,512,256,8800,13200,211200,54400,8,1100,DX9c,GDDR3,110nm,302m,PCIe16X,6pin,Enthusiast,2005,
GeForce 7900GS,450,1320(660),20 PP/TMU; 16 ROP,G71,256,256,7200,9000,144000,42240,7,787.5,DX9c,GDDR3,90nm,278m,"PCIe16X,AGP8X",4pin/6pin,Upper Mainstream,2006,AGP version uses BR02 bridge chip.
GeForce 7900GT,450,1320(660),24 PP/TMU; 16 ROP,G71,256-512,256,7200,10800,172800,42240,8,900,DX9c,GDDR3,90nm,278m,PCIe16X,6pin,Highend,2006,
GeForce 7900GTO,650,1320(660),24 PP/TMU; 16 ROP,G71,512,256,10400,15600,249600,42240,8,1300,DX9c,GDDR3,90nm,278m,PCIe16X,6pin,Upper Mainstream,2006,
GeForce 7900GTX,650,1600(800),24 PP/TMU; 16 ROP,G71,512,256,10400,15600,249600,51200,8,1300,DX9c,GDDR3,90nm,278m,PCIe16X,6pin,Enthusiast,2006,
GeForce 7900GX2,500,1200(600),24 PP/TMU; 16 ROP(x2),G71,512,256(x2),8000(x2),12000(x2),192000(x2),38400(x2),8(x2),1000(x2),DX9c,GDDR3,90nm,278m(x2),PCIe16X,6pin,OEM,2006,Dual GPU card.
GeForce 7950GT,550,1400(700),24 PP/TMU; 16 ROP,G71,512,256,8800,13200,211200,44800,8,1100,DX9c,GDDR3,90nm,278m,PCIe16X,6pin,Highend,2006,
GeForce 7950GX2,500,1200(600),24 PP/TMU; 16 ROP(x2),G71,512,256(x2),8000(x2),12000(x2),192000(x2),38400(x2),8(x2),1000(x2),DX9c,GDDR3,90nm,278m(x2),PCIe16X,6pin,Enthusiast,2006,Dual GPU card.
GeForce 8300GS,450 (900),800(400),16 SP; 8 TMU; 4 ROP,G86,128,64,1800,3600,43200,6400,16,900,DX10,DDR2,80nm,210m,PCIe16X,no,OEM,2007,
GeForce 8400GS,450 (900),800(400),16 SP; 8 TMU; 4 ROP,G86,256-512,64,1800,3600,43200,6400,16,900,DX10,DDR2,80nm,210m,"PCIe16X,PCI",no,Lower Mainstream,2007,
GeForce 8500GT,450 (900),800(400),16 SP; 8 TMU; 4 ROP,G86,256-512,128,1800,3600,43200,12800,16,900,DX10,DDR2,80nm,210m,PCIe16X,no,Lower Mainstream,2007,
GeForce 8600GS,540 (1190),800(400),16 SP; 8 TMU; 8 ROP,G84,256-512,128,4320,4320,57120,12800,16,1190,DX10,DDR2,80nm,289m,PCIe16X,no,Upper Budget,2007,
GeForce 8600GT,540 (1180),1400(700),32 SP; 16 TMU; 8 ROP,G84,256-512,128,4320,6480,113280,22400,32,2360,DX10,GDDR3,80nm,289m,PCIe16X,no,Mainstream,2007,
GeForce 8600GTS,675 (1450),2000(1000),32 SP; 16 TMU; 8 ROP,G84,256,128,5400,10800,139200,32000,32,2900,DX10,GDDR3,80nm,289m,PCIe16X,6pin,Upper Mainstream,2007,
GeForce 8800GS,575 (1440),1700(850),96 SP; 48 TMU; 12 ROP,G92,384-768,192,6900,27600,414720,40800,96,8640,DX10,GDDR3,65nm,754m,PCIe2.0,6pin,Mainstream,2008,
GeForce 8800GT,600 (1500),1800(900),112 SP; 56 TMU; 16 ROP,G92,256-512-1024,256,9600,33600,504000,57600,112,10500,DX10,GDDR3,65nm,754m,PCIe2.0,6pin,Upper Mainstream,2007,First to use PCI Express 2.0.
GeForce 8800GTS,500 (1200),1600(800),96 SP; 24 TMU; 20 ROP,G80,320-640,320,10000,12000,345600,64000,96,7200,DX10,GDDR3,90nm,681m,PCIe16X,6pin,Highend,2006,"One of the first DX10 cards available, and to use a unified pixel/vertex/geometry shader architecture."
-GeForce 8800GTS (512MB),650 (1650),1940(970),128 SP; 64 TMU; 16 ROP,G92,512,256,10400,41600,633600,62080,128,13200,DX10,GDDR3,65nm,754m,PCIe2.0,6pin,Highend,2007,
GeForce 8800GTS+,500 (1200),1600(800),112 SP; 24 TMU; 20 ROP,G80,640,320,10000,12000,403200,64000,112,8400,DX10,GDDR3,90nm,681m,PCIe16X,6pin,Highend,2007,"Upgraded version of original 8800GTS. Might use monikers such as ""SSC"", or ""EE"", as per distributor."
GeForce 8800GTX,575 (1350),1800(900),128 SP; 32 TMU; 24 ROP,G80,768,384,13800,18400,518400,86400,128,10800,DX10,GDDR3,90nm,681m,PCIe16X,6pin(x2),Enthusiast,2006,"First to support DX10, and to use a unified pixel/vertex/geometry shader architecture."
GeForce 8800 Ultra,612 (1500),2160(1080),128 SP; 32 TMU; 24 ROP,G80,768,384,14688,19584,576000,103680,128,12000,DX10,GDDR3,90nm,681m,PCIe16X,6pin(x2),Extreme,2007,
GeForce 9300GS,567 (1400),800(400),16 SP; 8 TMU; 4 ROP,G98,259,64,2268,4536,67200,6400,16,1400,DX10,DDR2,65nm,~210m,PCIe2.0,no,Budget,2008,
GeForce 9400GT,550 (1400),800(400),16 SP; 8 TMU; 4 ROP,G98,512-1024,128,2200,4400,67200,12800,16,1400,DX10,DDR2,65nm,~210m,PCIe2.0,no,Budget,2008,
GeForce 9500GT,550 (1400),"1000(500), 1600(800)",32 SP; 16 TMU; 8 ROP,"G96,G96-B1",256-512,128,4400,8800,134400,25600,32,2800,DX10,"DDR2,GDDR3","65,55nm",~314m,PCIe2.0,no,Upper Budget,2008,
GeForce 9600GSO,550 (1375),1600(800),96 SP; 48 TMU; 12 ROP,G92,384,192,6600,26400,396000,38400,96,8250,DX10,GDDR3,65nm,754m,PCIe2.0,6pin,Mainstream,2008,
GeForce 9600GT,650 (1625),1800(900),64 SP; 32 TMU; 16 ROP,"G94,G94-B1",512,256,10400,20800,312000,57600,64,6500,DX10,GDDR3,"65,55nm",~505m,PCIe2.0,6pin,Upper Mainstream,2007,
GeForce 9800GT,600 (1500),1800(900),112 SP; 56 TMU; 16 ROP,"G92,G92-B1",512-1024,256,9600,33600,504000,57600,112,10500,DX10,GDDR3,"65,55nm",~754m,PCIe2.0,6pin,Upper Mainstream,2007,
-GeForce 9800GT,550 (1375),1800(900),112 SP; 56 TMU; 16 ROP,G92-B1,512-1024,256,8800,30800,462000,57600,112,9625,DX10,GDDR3,55nm,~754m,PCIe2.0,either,Upper Mainstream,2007,"So-called ""Green Edition"", uses less power, and most often doesn't use power connector."
GeForce 9800GTX,675 (1690),2200(1100),128 SP; 64 TMU; 16 ROP,G92,512,256,10800,43200,648960,70400,128,13520,DX10,GDDR3,65nm,754m,PCIe2.0,6pin(x2),Highend,2007,
GeForce 9800GTX+,738 (1836),2200(1100),128 SP; 64 TMU; 16 ROP,G92-B1,512-1024,256,11808,47232,705024,70400,128,14688,DX10,GDDR3,55nm,~754m,PCIe2.0,6pin(x2),Highend,2007,Upgraded version of original 9800GTX.
GeForce 9800GX2,600 (1500),2000(1000),128 SP; 64 TMU; 16 ROP(x2),G92,512,256(x2),9600(x2),38400(x2),576000(x2),64000(x2),128(x2),12000(x2),DX10,GDDR3,65nm,754m(x2),PCIe16X,6+8pin,Enthusiast,2007,Dual GPU card.
GeForce GT 100,567 (1400),1000(500),8 SP; 8 TMU; 4 ROP,G98(?),512,64,2268,4536,33600,8000,8,700,DX10,DDR2,65nm(?),~210m(?),PCIe2.0,no,OEM,,
GeForce GT 120,500 (1400),1000(500),32 SP; 16 TMU; 8 ROP,"G96,G96-B1",512,128,4000,8000,134400,16000,32,2800,DX10,"DDR2,GDDR3","65,55nm",~314m,PCIe2.0,no,OEM,,
GeForce GT 130,500 (1250),1000(500),48 SP; 24 TMU; 12 ROP,G94-B1(?),768,192,6000,12000,180000,24000,48,3750,DX10,DDR2,55nm(?),~505m(?),PCIe2.0,6pin,OEM,,
GeForce GTS 150,738 (1836),2000(1000),128 SP; 64 TMU; 16 ROP,G92-B1,1024,256,11808,47232,705024,64000,128,14688,DX10,GDDR3,55nm,~754m,PCIe2.0,6pin,OEM,,
GeForce 205,589 (1402),1000(500),8 SP; 4 TMU/ROP,GT218,512,64,2356,2356,33648,8000,8,701,DX10.1,DDR2,40nm,260m,PCIe2.0,no,OEM,2009,
GeForce 210,589 (1402),1000(500),16 SP; 8 TMU; 4 ROP,GT218,512,64,4712,9424,67296,8000,16,1402,DX10.1,DDR2,40nm,260m,PCIe2.0,no,Budget,2009,
GeForce GT 220,625 (1360),"800(400), 1800(900)",48 SP; 16 TMU; 8 ROP,GT216,1024,128,5000,10000,195840,28800,48,4080,DX10.1,"DDR2,GDDR3",40nm,486m,PCIe2.0,no,Upper Budget,2010,
GeForce GT 240,550 (1340),"1600(800), 3400(850)",96 SP; 32 TMU; 8 ROP,GT215,512-1024,128,4400,17600,385920,54400,96,8040,DX10.1,"DDR3, GDDR5",40nm,727m,PCIe2.0,no,Lower Mainstream,2009,
GeForce GTS 240,675 (1620),2200(1100),112 SP; 56 TMU; 16 ROP,G92-B1,1024,256,10800,37800,544320,70400,112,11340,DX10,GDDR3,55nm,~754m,PCIe2.0,6pin,OEM,2009,Was never available in retail.
GeForce GTS 250,738 (1836),2200(1100),128 SP; 64 TMU; 16 ROP,G92-B1,512-1024,256,11808,47232,705024,70400,128,14688,DX10,GDDR3,55nm,~754m,PCIe2.0,6pin,Upper Mainstream,2009,
GeForce GTX 260,576 (1242),1998(999),192 SP; 64 TMU; 28 ROP,GT200,896,448,16128,36864,715392,111888,192,14904,DX10,GDDR3,65nm,1.4b,PCIe2.0,6pin(x2),Highend,2008,
GeForce GTX 260 Core 216,576 (1242),1998(999),216 SP; 72 TMU; 28 ROP,"GT200,GT200-B1",896,448,16128,41472,804816,111888,216,16767,DX10,GDDR3,"65,55nm",~1.4b,PCIe2.0,6pin(x2),Highend,2008,
GeForce GTX 275,633 (1404),2268(1134),240 SP; 80 TMU; 28 ROP,GT200-B1,896,448,17724,50640,1010880,127008,240,21060,DX10,GDDR3,55nm,~1.4b,PCIe2.0,6pin(x2),Highend,2008,
GeForce GTX 280,603 (1296),2214(1107),240 SP; 80 TMU; 32 ROP,GT200,1024,512,19296,48240,933120,141696,240,19440,DX10,GDDR3,65nm,1.4b,PCIe2.0,6+8pin,Enthusiast,2008,
GeForce GTX 285,648 (1476),2484 (1242),240 SP; 80 TMU; 32 ROP,GT200-B1,1024,512,20736,51840,1062720,158976,240,22140,DX10,GDDR3,55nm,~1.4b,PCIe2.0,6pin(x2),Enthusiast,2008,
GeForce GTX 295,576 (1242),1998(999),240 SP; 80 TMU; 28 ROP(x2),GT200-B1,896,448(x2),16128(x2),46080(x2),894240(x2),111888(x2),240(x2),18630(x2),DX10,GDDR3,55nm,~1.4b(x2),PCIe2.0,6+8pin,Enthusiast,2009,Dual GPU card.
GeForce 310,589 (1402),1000(500),16 SP; 16 TMU; 8 ROP,GT218,512,64,4712,9424,67298,8000,16,1402,DX10.1,DDR2,40nm,260m,PCIe2.0,no,OEM,,
GeForce GT 330,550 (1340),1600(800),96 SP; 32 TMU; 8 ROP,GT215,1024,128,4400,17600,385920,25600,96,8040,DX10.1,"DDR3, GDDR5",40nm,727m,PCIe2.0,no,OEM,,
GeForce GT 430,700 (1400),"1200(600), 1800(900)",96 SP; 16 TMU; 4 ROP,GF108,512-1024-2048,64-128,2800,11200,268800,28800,96,8400,DX11,DDR3,40nm,585m,"PCIe2.0,PCI",no,Upper Budget,2010,
GeForce GT 440,810 (1620),"1800(900), 3200(800)",96 SP; 16 TMU; 4 ROP,GF108,512-1024,128,3240,12960,311040,51200,96,9720,DX11,"DDR3, GDDR5",40nm,585m,PCIe2.0,no,Upper Budget,2011,
GeForce GTS 450,783 (1566),3600(900),192 SP; 32 TMU; 16 ROP,GF106,1024,128,12528,25056,601344,57600,192,18792,DX11,GDDR5,40nm,1.17b,PCIe2.0,6pin,Lower Mainstream,2010,
GeForce GTX 460,675 (1350),3600(900),336 SP; 56 TMU; 32 ROP,GF104,1024,256,21600,37800,907200,115200,336,28350,DX11,GDDR5,40nm,1.95b,PCIe2.0,6pin(x2),Upper Mainstream,2010,
-GeForce GTX 460,675 (1350),3600(900),336 SP; 56 TMU; 24 ROP,GF104,768,192,16200,37800,907200,86400,336,28350,DX11,GDDR5,40nm,1.95b,PCIe2.0,6pin(x2),Mainstream,2011,
GeForce GTX 460SE,650 (1300),3400(850),288 SP; 48 TMU; 32 ROP,GF104,1024,256,20800,31200,748800,108800,288,23400,DX11,GDDR5,40nm,1.95b,PCIe2.0,6pin(x2),Mainstream,2010,
GeForce GTX 465,607 (1215),3208(802),352 SP; 44 TMU; 32 ROP,GF100,1024,256,13354,26708,855360,102656,352,26730,DX11,GDDR5,40nm,3b,PCIe2.0,6pin(x2),Upper Mainstream,2010,
GeForce GTX 470,607 (1215),3348(837),448 SP; 56 TMU; 40 ROP,GF100,1280,320,16996,33992,1088640,133920,448,34020,DX11,GDDR5,40nm,3b,PCIe2.0,6pin(x2),Highend,2010,
GeForce GTX 480,700 (1401),3696(924),480 SP; 60 TMU; 48 ROP,GF100,1536,384,21000,42000,1344960,177408,480,42030,DX11,GDDR5,40mn,3b,PCIe2.0,6+8pin,Enthusiast,2010,
GeForce GT 510,523 (1046),1800(900),48 SP; 8 TMU; 4 ROP,GF119,1024-2048,64,2092,4184,100416,14400,48,3138,DX11,DDR3,40nm,?,PCIe2.0,no,OEM,2011,
GeForce GT 520,810 (1620),"1334(667), 1800(900)",48 SP; 8 TMU; 4 ROP,GF119,512-1024-2048,64,3240,6480,155520,14400,48,4860,DX11,DDR3,40nm,?,"PCIe2.0,PCI",no,Budget,2011,
GeForce GT 530,700 (1400),1800(900,96 SP; 16 TMU; 16 ROP,GF116,1024-2048,128,11200,11200,268800,28800,96,8400,DX11,DDR3,40nm,1.17b,PCIe2.0,no,OEM,2011,
GeForce GT 545,870 (1740),4000(1000),144 SP; 24 TMU; 16 ROP,GF116,1024(?),128,13920,20880,501120,64000,144,15660,DX11,GDDR5,40nm,1.17b,PCIe2.0,?,OEM,2011,
-GeForce GT 545,720 (1440),1800(900),144 SP; 24 TMU; 16 ROP,GF116,1024(?),192,11520,17280,414720,43200,144,12960,DX11,DDR3,40nm,1.17b,PCIe2.0,?,OEM,2011,
GeForce GTX 550 Ti,900 (1800),4104(1026),192 SP; 32 TMU; 24 ROP,GF116,1024,192,21600,28800,691200,98544,192,21600,DX11,GDDR5,40nm,1.17b,PCIe2.0,6pin,Mainstream,2011,
GeForce GTX 555,776 (1552),3828(957),288 SP; 48 TMU; 24 ROP,GF114,1024,192,18624,37248,893952,91872,288,27936,DX11,GDDR5,40nm,1.95b,PCIe2.0,6pin(x2),OEM,2011,
GeForce GTX 560,810 (1620),4004(1001),336 SP; 56 TMU; 32 ROP,GF114,1024,256,25920,45360,1088640,128128,336,34020,DX11,GDDR5,40nm,1.95b,PCIe2.0,6pin(x2),Mainstream,2011,
-GeForce GTX 560,552 (1104),3206(1603),384 SP; 48 TMU; 40 ROP,GF110,1280,320,22080,26496,847872,128240,384,26496,DX11,GDDR5,40nm,3b,PCIe2.0,6pin,OEM,2011,
GeForce GTX 560SE,736 (1472),3828(957),288 SP; 48 TMU; 24 ROP,GF114,1024,192,17664,35328,847872,91872,288,26496,DX11,GDDR5,40nm,1.95b,PCIe2.0,6pin,Mainstream,2012,
GeForce GTX 560 Ti,822 (1644),4008(1002),384 SP; 64 TMU; 32 ROP,GF114,1024,256,26304,52608,1262592,128256,384,39456,DX11,GDDR5,40nm,1.95b,PCIe2.0,6pin(x2),Upper Mainstream,2011,
-GeForce GTX 560 Ti,732 (1464),3800(950),352 SP; 44 TMU; 40 ROP,GF110,1280,320,29280,32208,1030656,152000,352,32208,DX11,GDDR5,40nm,3b,PCIe2.0,6pin(x2)?,OEM,2011,
GeForce GTX 560 Ti Core 448,732 (1464),3600(900),448 SP; 56 TMU; 40 ROP,GF110,1280,320,20496,40992,1311744,144000,448,40992,DX11,GDDR5,40nm,3b,PCIe2.0,6pin(x2),Highend,2011,
GeForce GTX 570,732 (1464),3800(950),480 SP; 60 TMU; 40 ROP,GF110,1280,320,21960,43920,1405440,152000,480,43920,DX11,GDDR5,40nm,3b,PCIe2.0,6pin(x2),Highend,2010,
GeForce GTX 580,772 (1544),4008(1002),512 SP; 64 TMU; 48 ROP,GF110,1536-3072,384,24704,49408,1581056,192384,512,49408,DX11,GDDR5,40nm,3b,PCIe2.0,6+8pin,Enthusiast,2010,
GeForce GTX 590,607 (1214),3414(853),512 SP; 64 TMU; 48 ROP(x2),GF110,1536,384(x2),19424(x2),38848(x2),1243136(x2),163872(x2),512(x2),38848(x2),DX11,GDDR5,40nm,3b(x2),PCIe2.0,8pin(x2),Enthusiast,2011,Dual GPU card.
GeForce 605,523 (1046),1800(900),48 SP; 8 TMU; 4 ROP,GF119,512-1024-2048,64,2092,4184,100416,14400,48,3138,DX11,DDR3,40nm,,PCIe2.0,no,OEM,2012,
GeForce GT 610,810 (1620),1333(666),48 SP; 8 TMU; 4 ROP,GF119,512-1024-2048,64,3240,6480,155520,10664,48,4860,DX11,DDR3,40nm,,"PCIe2.0,PCI",no,OEM,2012,
GeForce GT 620,810 (1620),1800(900),48 SP; 8 TMU; 4 ROP,GF119,512-1024-2048,64,3240,6480,155520,14400,48,4860,DX11,DDR3,40nm,,PCIe2.0,no,OEM,2012,
GeForce GT 630,875,1782(891),384 SP; 32 TMU; 16 ROP,GK107,1024-2048,128,14000,28000,672000,28512,384,21000,DX11,DDR3,28nm,1.3b,PCIe2.0,no,OEM,2012,
GeForce GT 640,900,1782(891),384 SP; 32 TMU; 16 ROP,GK107,1024-2048-4096,128,14400,28800,691200,42768,384,21600,DX11,DDR3,28nm,1.3b,PCIe3.0,no,Lower Mainstream,2012,
-GeForce GT 640,797-950,"1782(891), 5000(2500)",384 SP; 32 TMU; 16 ROP,GK107,1024-2048,128,15200,30400,729600,80000,384,22800,DX11,"DDR3, GDDR5",28nm,1.3b,PCIe3.0,no,OEM,2012,
--GeForce GT 640,720(1440),1782(891),144 SP; 24 TMU; 16 ROP,GF116,1536-3072,192,11520,17280,414720,42768,144,12960,DX11,DDR3,40nm,1.17b,PCIe2.0,no,OEM,2012,
GeForce GT 645,776(1552),3828(957),288 SP; 48 TMU; 24 ROP,GF114,1024,128,18624,37248,893952,61248,288,27936,DX11,GDDR5,40nm,1.95b,PCIe2.0,6pin,OEM,2012,
GeForce GTX 645,824,4000(1000),576 SP; 48 TMU; 16 ROP,GK106,1024,128,13184,39552,949248,64000,576,29664,DX11,GDDR5,28nm,2.45b,PCIe3.0,no,OEM,2013,
GeForce GTX 650,1058,5000(1250),384 SP; 32 TMU; 16 ROP,GK107,1024-2048,128,16928,33856,812544,80000,384,25392,DX11,GDDR5,28nm,1.3b,PCIe3.0,6pin,Lower Mainstream,2012,
GeForce GTX 650 Ti,928,5400(1350),768 SP; 64 TMU; 16 ROP,GK106,1024-2048,128,14848,59392,1425408,86400,768,44544,DX11,GDDR5,28nm,2.45b,PCIe3.0,6pin,Mainstream,2012,
GeForce GTX 650 Ti Boost,980-1033,6008(1502),768 SP; 64 TMU; 24 ROP,GK106,1024-2048,192,24792,66112,1586688,144192,768,49584,DX11,GDDR5,28nm,2.45b,PCIe3.0,6pin,Mainstream,2013,"Implemented NVIDIA's GPU Boost technology, and increased memory bandwidth."
GeForce GTX 660,980-1033,6008(1502),960 SP; 80 TMU; 24 ROP,GK106,2048,192,24792,82640,1983360,144192,960,61980,DX11,GDDR5,28nm,2.45b,PCIe3.0,6pin,Upper Mainstream,2012,
GeForce GTX 660Ti,915-980,6008(1502),1344 SP; 112 TMU; 32 ROP,GK104,2048,192,31360,109760,2634240,144192,1344,82320,DX11,GDDR5,28nm,3.5b,PCIe3.0,6pin(x2),Highend,2012,
GeForce GTX 670,915-980,6008(1502),1344 SP; 112 TMU; 32 ROP,GK104,2048,256,31360,109760,2634240,192256,1344,82320,DX11,GDDR5,28nm,3.5b,PCIe3.0,6pin(x2),Highend,2012,
GeForce GTX 680,1006-1058,6008(1502),1536 SP; 128 TMU; 32 ROP,GK104,2048,256,33856,135424,3250176,192256,1536,101568,DX11,GDDR5,28nm,3.5b,PCIe3.0,6pin(x2),Enthusiast,2012,
GeForce GTX 690,915-1019,6008(1502),1536 SP; 128 TMU; 32 ROP(x2),GK104,2048,256(x2),32608(x2),130432(x2),3130368(x2),192256(x2),1536(x2),97824(x2),DX11,GDDR5,28nm,3.5b(x2),PCIe3.0,8pin(x2),Enthusiast,2012,Dual GPU card.
GeForce GTX Titan,837-876,6008(1502),2688 SP; 224 TMU; 48 ROP,GK110,6144,384,42048,196224,4709376,288384,2688,147168,DX11,GDDR5,28nm,7.1b,PCIe3.0,6+8pin,Extreme,2013,
GeForce GT 710,954,1800(900),192 SP; 16 TMU; 8 ROP,GK208,1024-2048,64,7632,15264,366336,14400,192,15264,DX11,DDR3,28nm,,PCIe2.0,no,Budget,2014,
GeForce GT 720,797,"1800(900), 5000(1250)",192 SP; 16 TMU; 8 ROP,GK208,1024-2048,64,6376,12752,306048,40000,192,12752,DX11,"DDR3, GDDR5",28nm,,PCIe2.0,no,Budget,2014,
GeForce GT 730,900,"1800(900), 5000(1250)",384 SP; 32 TMU; 16 ROP,GK107,1024-2048-4096,64,14400,28800,691200,40000,384,21600,DX11,DDR3,28nm,1.3b,PCIe2.0,no,Upper Budget,2014,
-GeForce GT 730,700(1400),"1000(500), 1800(900)",96 SP; 16 TMU; 4 ROP,GF108,1024-2048-4096,128,2800,11200,268800,28800,96,8400,DX11,DDR3,40nm,585m,PCIe2.0,no,Upper Budget,2014,
GeForce GT 740,933,"1800(900), 5000(1250)",384 SP; 32 TMU; 16 ROP,GK107,2048-4096,128,14928,29856,716544,80000,384,22392,DX11,"DDR3, GDDR5",28nm,1.3b,PCIe3.0,no,Upper Budget,2014,
GeForce GTX 745,1033,1800(900),384 SP; 24 TMU; 16 ROP,GM107,4096,128,16528,24792,793344,28800,384,24792,DX11,DDR3,28nm,1.87b,PCIe3.0,no,OEM,2014,
GeForce GTX 750,1020-1085,5000(1250),512 SP; 32 TMU; 16 ROP,GM107,1024,128,17360,34720,1111040,80000,512,34720,DX11,GDDR5,28nm,1.87b,PCIe3.0,no,Lower Mainstream,2014,
GeForce GTX 750 Ti,1020-1085,5400(1350),640 SP; 40 TMU: 16 ROP,GM107,2048,128,17360,43400,1388800,86400,640,43400,DX11,GDDR5,28nm,1.87b,PCIe3.0,no,Lower Mainstream,2014,
GeForce GTX 760,980-1033,6008(1502),1152 SP; 96 TMU; 32 ROP,GK104,2048-4096,256,33056,99168,2380032,192256,1152,74376,DX11,GDDR5,28nm,3.5b,PCIe3.0,6pin(x2),Upper Mainstream,2013,
GeForce GTX 760 Ti,915-980,6008(1502),1344 SP; 112 TMU; 32 ROP,GK104,2048,256,31360,109760,2634240,192256,1344,82320,DX11,GDDR5,28nm,3.5b,PCIe3.0,6pin(x2),OEM,2013,
GeForce GTX 770,1046-1085,7000(1750),1536 SP; 128 TMU; 32 ROP,GK104,2048,256,34720,138880,3333120,224000,1536,104160,DX11,GDDR5,28nm,3.5b,PCIe3.0,6pin(x2),Highend,2013,
GeForce GTX 780,863-900,6008(1502),2304 SP; 192 TMU; 48 ROP,GK110,3072,384,43200,172800,4147200,288384,2304,172800,DX11,GDDR5,28nm,7.1b,PCIe3.0,6+8pin,Enthusiast,2013,
GeForce GTX 780 Ti,875-928,7000(1750),2880 SP; 240 TMU; 48 ROP,GK110-B1,3072,384,44544,222720,5345280,336000,2880,167040,DX11,GDDR5,28nm,7.1b,PCIe3.0,6+8pin,Enthusiast,2013,
GeForce GTX Titan Black,889-980,7000(1750),2880 SP; 240 TMU; 48 ROP,GK110-B1,6144,384,47040,235200,5644800,336000,2880,176400,DX11,GDDR5,28nm,7.1b,PCIe3.0,6+8pin,Extreme,2014,
GeForce GTX Titan Z,706-876,7000(1750),2880 SP; 240 TMU; 48 ROP(x2),GK110-B1,6144,384(x2),42048(x2),210240(x2),5045760(x2),336000(x2),2880(x2),157680(x2),DX11,GDDR5,28nm,7.1b(x2),PCIe3.0,8pin(x2),Extreme,2014,
GeForce GTX 950,1025-1188,6600(1650),768 SP; 48 TMU; 32 ROP,GM206,2048-4096,128,38016,57024,1824768,105600,768,57024,DX11.3,GDDR5,28nm,2.94b,PCIe3.0,no,Mainstream,2015,
GeForce GTX 960,1126-1178,7000(1750),1024 SP; 64 TMU; 32 ROP,GM206,2048-4096,128,32696,75392,2412544,112000,1024,75392,DX11.3,GDDR5,28nm,2.94b,PCIe3.0,6pin,Mainstream,2015,
GeForce GTX 970,1050-1178,7000(1750),1664 SP; 104 TMU; 56 ROP,GM204,4096,256,65968,122512,3920384,224000,1664,122512,DX11.3,GDDR5,28nm,5.2b,PCIe3.0,6pin(x2),Highend,2014,
GeForce GTX 980,1126-1216,7000(1750),2048 SP; 128 TMU; 64 ROP,GM204,4096,256,77824,155648,4980736,224000,2048,155648,DX11.3,GDDR5,28nm,5.2b,PCIe3.0,6pin(x2),Enthusiast,2014,
GeForce GTX 980 Ti,1000-1075,7000(1750),2816 SP; 176 TMU: 96 ROP,GM200,6144,384,103200,189200,6054400,336000,2816,189200,DX11.3,GDDR5,28nm,8b,PCIe3.0,6+8pin,Enthusiast,2015,
GeForce GTX Titan X,1000-1075,7000(1750),3072 SP; 192 TMU; 96 ROP,GM200,12288,384,103200,206400,6604800,336000,3072,206400,DX11.3,GDDR5,28nm,8b,PCIe3.0,6+8pin,Extreme,2015,
GeForce GT 1030,1227-1468,6000(1500),384 SP; 32 TMU; 16 ROP,GP108,2048,64,23488,46976,1127424,48000,384,35232,DX12,GDDR5,16nm,1.8b,PCIe3.0,no,Upper Budget,2017,
-GeForce GT 1030,1152-1379,2100(1050),384 SP; 32 TMU; 16 ROP,GP108,2048,64,22064,44128,1059072,16800,384,33096,DX12,DDR4,16nm,1.8b,PCIe3.0,no,Upper Budget,2018,
GeForce GTX 1050,1354-1455,7000(1750),640 SP; 40 TMU; 32 ROP,GP107,2048,128,46560,58200,1862400,112000,640,58200,DX12,GDDR5,16nm,3.3b,PCIe3.0,no,Lower Mainstream,2016,
-GeForce GTX 1050,1392-1518,7000(1750),768 SP; 48 TMU; 24 ROP,GP107,3072,96,36432,72864,2331648,84000,768,72864,DX12,GDDR5,16nm,3.3b,PCIe3.0,no,Lower Mainstream,2018,
GeForce GTX 1050 Ti,1290-1392,7000(1750),768 SP; 48 TMU; 32 ROP,GP107,4096,128,44544,66816,2138112,112000,768,66816,DX12,GDDR5,16nm,3.3b,PCIe3.0,no,Lower Mainstream,2016,
GeForce GTX 1060,1506-1708,"8000(2000), 9000(2250)",1280 SP; 80 TMU; 48 ROP,GP106,5120-6144,160-192,81984,136640,4372480,216000,1280,136640,DX12,GDDR5,16nm,4.4b,PCIe3.0,6pin,Upper Mainstream,2016,
-GeForce GTX 1060,1506-1708,8000(2000),1152 SP; 72 TMU; 48 ROP,GP106,3072,192,81984,108432,3935232,192000,1152,122976,DX12,GDDR5,16nm,4.4b,PCIe3.0,6pin,Mainstream,2016,
GeForce GTX 1070,1506-1683,8000(2000),1920 SP; 120 TMU; 64 ROP,GP104,8192,256,107712,201960,6462720,256000,1920,201960,DX12,GDDR5,16nm,7.2b,PCIe3.0,8pin,Highend,2017,
GeForce GTX 1070 Ti,1607-1683,8000(2000),2432 SP; 152 TMU; 64 ROP,GP104,8192,256,107712,255816,8186112,256000,2432,255816,DX12,GDDR5,16nm,7.2b,PCIe3.0,8pin,Highend,2017,
GeForce GTX 1080,1607-1733,"10000(1250), 11000(1375)",2560 SP; 160 TMU; 64 ROP,GP104,8192,256,110912,277280,8872960,352000,2560,277280,DX12,GDDR5X,16nm,7.2b,PCIe3.0,8pin,Enthusiast,2016,
GeForce GTX 1080 Ti,1480-1600,11000(1375),3584 SP; 224 TMU; 88 ROP,GP102,11264,352,140800,358400,11468800,484000,3584,358400,DX12,GDDR5X,16nm,12b,PCIe3.0,8pin,Enthusiast,2017,
Titan X (Pascal),1417-1531,10000(1250),3584 SP; 224 TMU; 96 ROP,GP102,12288,384,146976,342944,10974208,480000,3584,342944,DX12,GDDR5X,16nm,12b,PCIe3.0,6+8pin,Extreme,2016,
Titan Xp,1582,11400(1425),3840 SP; 240 TMU; 96 ROP,GP102,12288,384,151872,379680,12149760,547200,3840,379680,DX12,GDDR5X,16nm,12b,PCIe3.0,6+8pin,Extreme,2017,
Titan V,1200-1455,1700(850),5120 SP; 320 TMU; 96 ROP,GV100,12288,3072,139680,465600,14899200,652800,5120,465600,DX12,HBM2,12nm,21b,PCIe3.0,6+8pin,Extreme,2017,
GeForce GTX 1650,1485-1665,8000(2000),896 SP; 56 TMU; 32 ROP,TU117,4096,128,53280,93240,2983680,128000,896,93240,DX12,GDDR5,12nm,4.7b,PCIe3.0,no,Mainstream,2019,A 6-pin power connector may be included on some models.
GeForce GTX 1650 Super,1530-1725,12000(1500),1280 SP; 80 TMU; 32 ROP,TU116,4096,128,55200,138000,4416000,192000,1280,138000,DX12,GDDR6,12nm,6.6b,PCIe3.0,6pin,Mainstream,2019,
GeForce GTX 1660,1530-1785,8000(2000),1408 SP; 88 TMU; 48 ROP,TU116,6144,192,85680,157080,5026560,192000,1280,157080,DX12,GDDR5,12nm,6.6b,PCIe3.0,6pin,Upper Mainstream,2019,
GeForce GTX 1660 Super,1530-1785,14000(1750),1408 SP; 88 TMU; 48 ROP,TU116,6144,192,85680,157080,5026560,336000,1408,157080,DX12,GDDR6,12nm,6.6b,PCIe3.0,8pin,Upper Mainstream,2019,
GeForce GTX 1660 Ti,1500-1770,12000(1500),1536 SP; 96 TMU; 48 ROP,TU116,6144,192,84960,169920,5437440,288000,1536,169920,DX12,GDDR6,12nm,6.6b,PCIe3.0,8pin,Upper Mainstream,2019,
GeForce RTX 2060,1356-1680,14000(1750),1920 SP; 120 TMU; 48 ROP,TU106,6144,192,80640,201600,6451200,336000,1920,201600,DX12U,GDDR6,12nm,10.8b,PCIe3.0,8pin,Highend,2019,
GeForce RTX 2060 Super,1470-1650,14000(1750),2176 SP; 136 TMU; 64 ROP,TU106,8192,256,105600,224400,7180800,448000,2176,224400,DX12U,GDDR6,12nm,10.8b,PCIe3.0,8pin,Highend,2019,
GeForce RTX 2070,1410-1620,14000(1750),2304 SP; 144 TMU; 64 ROP,TU106,8192,256,103680,233280,7464960,448000,2304,233280,DX12U,GDDR6,12nm,10.8b,PCIe3.0,8pin,Enthusiast,2018,
GeForce RTX 2070 Super,1605-1770,14000(1750),2560 SP; 160 TMU; 64 ROP,TU104,8192,256,113280â€¬,283200,9062400,448000,2560,283200,DX12U,GDDR6,12nm,13.6b,PCIe3.0,8pin(x2),Enthusiast,2019,
GeForce RTX 2080,1515-1710,14000(1750),2944 SP; 184 TMU; 64 ROP,TU104,8192,256,109440,314640,10068480,448000,2944,314640,DX12U,GDDR6,12nm,13.6b,PCIe3.0,8pin(x2),Extreme,2018,
GeForce RTX 2080 Super,1650-1815,15500(1937),3072 SP; 192 TMU; 64 ROP,TU104,8192,256,116160,348480,11151360,496000,3072,348480,DX12U,GDDR6,12nm,13.6b,PCIe3.0,8pin(x2),Extreme,2019,
GeForce RTX 2080 Ti,1350-1545,14000(1750),4352 SP; 272 TMU; 88 ROP,TU102,11264,352,135960,420240,13447680,616000,4352,420240,DX12U,GDDR6,12nm,18.4b,PCIe3.0,8pin(x2),Extreme,2018,
Titan RTX,1350-1770,14000(1750),4608 SP; 288 TMU; 96 ROP,TU102,24576,384,169920,509760,16312320,672000,4608,509760,DX12U,GDDR6,12nm,18.4b,PCIe3.0,8pin(x2),Extreme,2018,
GeForce RTX 3050,1552-1777,14000(1750),2560 SP; 80 TMU; 32 ROP,GA106,8192,128,56864,142160,9098240,224000,2560,284320,DX12U,GDDR6,8nm,13.3b,PCIe4.0,8pin,$249,2022,
GeForce RTX 3060,1320-1777,15000(1875),3584 SP; 112 TMU; 48 ROP,GA106,12288,192,85296,199024,12737536,360000,3584,398048,DX12U,GDDR6,8nm,13.3b,PCIe4.0,8pin/12pin,$329,2021,
GeForce RTX 3060 Ti,1410-1665,14000(1750),4864 SP; 152 TMU; 80 ROP,GA104,8192,256,133200,306360,16197120,448000,4864,506160,DX12U,GDDR6,8nm,17.4b,PCIe4.0,8pin/12pin,$399,2020,
GeForce RTX 3070,1500-1725,14000(1750),5888 SP; 184 TMU; 96 ROP,GA104,8192,256,110400,317400,20313600,448000,5888,634800,DX12U,GDDR6,8nm,17.4b,PCIe4.0,8pin/12pin,$499,2020,
GeForce RTX 3070 Ti,1575-1770,19000(2375),6144 SP; 192 TMU; 96 ROP,GA104,8192,256,169920,339840,30812160,608000,6144,679680,DX12U,GDDR6X,8nm,17.4b,PCIe4.0,8pin/12pin,$599,2021,
GeForce RTX 3080,1440-1710,19000(2375),8704 SP; 272 TMU; 96 ROP,GA102,10240,320,164160,465120,29767680,760000,8704,930240,DX12U,GDDR6X,8nm,28b,PCIe4.0,8pin(x2)/12pin,$699,2020,
GeForce RTX 3080 Ti,1365-1665,19000(2375),10240 SP; 320 TMU; 112 ROP,GA102,12288,384,186480,532800,34099200,936000,10240,1065600,DX12U,GDDR6X,8nm,28b,PCIe4.0,8pin(x2)/12pin,$1199,2021,
GeForce RTX 3090,1395-1695,19500(2437),10496 SP; 336 TMU; 112 ROP,GA102,24576,384,162720,569520,35581440,936000,10496,1111920,DX12U,GDDR6X,8nm,28b,PCIe4.0,8pin(x2)/12pin,$1499,2020,
GeForce RTX 3090 Ti,1560-1860,21000(2625),10496 SP; 336 TMU; 112 ROP,GA102,24576,384,208320,624960,39045120,1008000,10496,1220160,DX12U,GDDR6X,8nm,28b,PCIe4.0,8pin(x2)/12pin,$1999,2022,
GeForce RTX 4060,1830-2460,17000(2125),3072 SP; 96 TMU; 64 ROP,AD107,8192,128,157440,236160,15114240,272000,3072,472320,DX12U,GDDR6,4nm,18.9b,PCIe4.0,12pin,$299,2023,
GeForce RTX 4060 Ti,2310-2535,18000(2250),4352 SP; 136 TMU; 64 ROP,AD106,8192-16384,128,162240,344760,22064640,288000,4352,689520,DX12U,GDDR6,4nm,22.9b,PCIe4.0,16pin,$399-499,2023,
GeForce RTX 4070,1920-2475,21000(2625),5888 SP; 184 TMU; 64 ROP,AD104,12228,192,158400,455400,29145600,504000,5888,910800,DX12U,GDDR6X,4nm,35.8b,PCIe4.0,16pin,$599,2023,
GeForce RTX 4070 SUPER,1980-2475,21000(2625),7168 SP; 224 TMU; 80 ROP,AD104,12228,192,198000,554400,35481600,504000,7168,1108800,DX12U,GDDR6X,4nm,35.8b,PCIe4.0,16pin,$599,2024,
GeForce RTX 4070 Ti,2310-2610,21000(2625),7680 SP; 240 TMU; 80 ROP,AD104,12228,192,208800,626400,40089600,504000,7680,1252800,DX12U,GDDR6X,4nm,35.8b,PCIe4.0,16pin,$799,2023,
GeForce RTX 4070 Ti SUPER,2340-2610,21000(2625),8448 SP; 264 TMU; 96 ROP,AD103,16384,256,250560,689040,44098560,672000,8448,1378080,DX12U,GDDR6X,4nm,45.9b,PCIe4.0,16pin,$799,2024,
GeForce RTX 4080,2205-2505,23000(2875),9728 SP; 304 TMU; 112 ROP,AD103,16384,256,280560,761520,48737280,736000,9728,1523040,DX12U,GDDR6X,4nm,45.9b,PCIe4.0,16pin,$1199,2022,
GeForce RTX 4080 SUPER,2295-2550,23000(2875),10240 SP; 320 TMU; 112 ROP,AD103,16384,256,285600,816000,52224000,736000,10240,1632000,DX12U,GDDR6X,4nm,45.9b,PCIe4.0,16pin,$999,2024,
GeForce RTX 4090,2235-2520,21200(2650),16384 SP; 512 TMU; 176 ROP,AD102,24576,384,443520,1290240,82575360,1017600,16384,2580480,DX12U,GDDR6X,4nm,76.3b,PCIe4.0,16pin,$1599,2022,
GeForce RTX 5060,2280-2497,28000(3500),3840 SP; 120 TMU; 48 ROP,GB206,8192,128,119856,299640,19176960,448000,3840,599280,DX12U,GDDR7,4nm,21.9b,PCIe5.0,8pin,$299,,
GeForce RTX 5060 Ti,2407-2572,28000(3500),4608 SP; 144 TMU; 48 ROP,GB206,8192-16384,128,123456,370368,23703552,448000,4608,740736,DX12U,GDDR7,4nm,21.9b,PCIe5.0,8pin,$379-429,2025,
GeForce RTX 5070,2235-2520,28000(3500),6144 SP; 192 TMU; 64 ROP,GB205,12288,192,161280,483840,30965760,672000,6144,967680,DX12U,GDDR7,4nm,31b,PCIe5.0,16pin,$549,2025,
GeForce RTX 5070 Ti,2300-2475,28000(3500),8960 SP; 280 TMU; 128 ROP,GB203,16384,256,316800,693000,44352000,896000,8960,1386000,DX12U,GDDR7,4nm,45.6b,PCIe5.0,16pin,$749,2025,
GeForce RTX 5080,2295-2617,30000(3750),10752 SP; 336 TMU; 128 ROP,GB203,16384,256,334976,879312,56275968,960000,10752,1758624,DX12U,GDDR7,4nm,45.6b,PCIe5.0,16pin,$999,2025,
GeForce RTX 5090,2017-2407,28000(3500),21760 SP; 680 TMU; 192 ROP,GB202,32768,512,462144,1636760,104752640,1792000,21760,3273520,DX12U,GDDR7,4nm,92.2b,PCIe5.0,16pin,$1999,2025,
,,,,,,,,,,,,,,,,,,,,,
,Market Tier Hierarchy: Extreme>>Enthusiast >> Highend >> Upper Mainstream >> Mainstream >> Lower Mainstream >> Upper Budget >> Budget,,,,,,,,,,,,,,,,,,,,
,NOTE: An (?) indicates unknown or rumored specifications.,,,,,,,,,,,,,,,,,,,,
,"* For the original G70 series cards, a +40MHz clockspeed delta is in effect for the vertex shaders.",,,,,,,,,,,,,,,,,,,,
,"** For the G80 through GF100 series cards, the shader clockspeed is separate from the core clock, and is indicated in parenthesis.",,,,,,,,,,,,,,,,,,,,
,"*Core configuration shown as Pixel Pipelines (PP) or Stream Processors (SP), Texture Mapping Units (TMU), and Raster Operation Processors (ROP).",,,,,,,,,,,,,,,,,,,,
,* Memory type is subject to inaccuracies due to varying configurations and limited available information. What's given should be considered an approximation of what's used.,,,,,,,,,,,,,,,,,,,,